{
  "/pickup-location" : {
    "transaction" : "/pickup-location",
    "sampleCount" : 50,
    "errorCount" : 0,
    "errorPct" : 0.0,
    "meanResTime" : 617.0999999999999,
    "medianResTime" : 591.0,
    "minResTime" : 339.0,
    "maxResTime" : 1099.0,
    "pct1ResTime" : 763.6,
    "pct2ResTime" : 771.9499999999999,
    "pct3ResTime" : 1099.0,
    "throughput" : 0.5182689816014512,
    "receivedKBytesPerSec" : 9.704617047810315,
    "sentKBytesPerSec" : 0.09059584736978492
  },
  "/voucher" : {
    "transaction" : "/voucher",
    "sampleCount" : 50,
    "errorCount" : 0,
    "errorPct" : 0.0,
    "meanResTime" : 651.8000000000002,
    "medianResTime" : 604.0,
    "minResTime" : 318.0,
    "maxResTime" : 2477.0,
    "pct1ResTime" : 765.2,
    "pct2ResTime" : 854.4,
    "pct3ResTime" : 2477.0,
    "throughput" : 0.5187098648242092,
    "receivedKBytesPerSec" : 9.712568680428038,
    "sentKBytesPerSec" : 0.09067291582376313
  },
  "/history" : {
    "transaction" : "/history",
    "sampleCount" : 10,
    "errorCount" : 0,
    "errorPct" : 0.0,
    "meanResTime" : 617.6,
    "medianResTime" : 584.0,
    "minResTime" : 558.0,
    "maxResTime" : 769.0,
    "pct1ResTime" : 760.1,
    "pct2ResTime" : 769.0,
    "pct3ResTime" : 769.0,
    "throughput" : 0.11114445444744535,
    "receivedKBytesPerSec" : 2.0811147858246364,
    "sentKBytesPerSec" : 0.01942857162704367
  },
  "/ongoing" : {
    "transaction" : "/ongoing",
    "sampleCount" : 10,
    "errorCount" : 0,
    "errorPct" : 0.0,
    "meanResTime" : 605.0999999999999,
    "medianResTime" : 581.0,
    "minResTime" : 558.0,
    "maxResTime" : 694.0,
    "pct1ResTime" : 692.3,
    "pct2ResTime" : 694.0,
    "pct3ResTime" : 694.0,
    "throughput" : 0.11115804450768102,
    "receivedKBytesPerSec" : 2.0813692517396234,
    "sentKBytesPerSec" : 0.01943094723327627
  },
  "/top-up" : {
    "transaction" : "/top-up",
    "sampleCount" : 40,
    "errorCount" : 0,
    "errorPct" : 0.0,
    "meanResTime" : 1238.3999999999994,
    "medianResTime" : 1172.0,
    "minResTime" : 1067.0,
    "maxResTime" : 2222.0,
    "pct1ResTime" : 1473.1,
    "pct2ResTime" : 1818.6999999999987,
    "pct3ResTime" : 2222.0,
    "throughput" : 0.40833826742073137,
    "receivedKBytesPerSec" : 7.646044334689357,
    "sentKBytesPerSec" : 0.07137944323077237
  },
  "Total" : {
    "transaction" : "Total",
    "sampleCount" : 360,
    "errorCount" : 0,
    "errorPct" : 0.0,
    "meanResTime" : 733.8138888888886,
    "medianResTime" : 610.5,
    "minResTime" : 312.0,
    "maxResTime" : 2477.0,
    "pct1ResTime" : 1146.1000000000004,
    "pct2ResTime" : 1257.95,
    "pct3ResTime" : 1694.3099999999968,
    "throughput" : 3.5566093657379962,
    "receivedKBytesPerSec" : 66.59669030021242,
    "sentKBytesPerSec" : 0.6217119887374036
  },
  "/payment-methods" : {
    "transaction" : "/payment-methods",
    "sampleCount" : 50,
    "errorCount" : 0,
    "errorPct" : 0.0,
    "meanResTime" : 611.3599999999998,
    "medianResTime" : 595.5,
    "minResTime" : 312.0,
    "maxResTime" : 912.0,
    "pct1ResTime" : 757.5999999999999,
    "pct2ResTime" : 826.25,
    "pct3ResTime" : 912.0,
    "throughput" : 0.5190491020450535,
    "receivedKBytesPerSec" : 9.719072783660334,
    "sentKBytesPerSec" : 0.09073221608014119
  },
  "/scheduled" : {
    "transaction" : "/scheduled",
    "sampleCount" : 10,
    "errorCount" : 0,
    "errorPct" : 0.0,
    "meanResTime" : 599.5,
    "medianResTime" : 585.5,
    "minResTime" : 543.0,
    "maxResTime" : 684.0,
    "pct1ResTime" : 678.9,
    "pct2ResTime" : 684.0,
    "pct3ResTime" : 684.0,
    "throughput" : 0.11127678988716533,
    "receivedKBytesPerSec" : 2.083581822519084,
    "sentKBytesPerSec" : 0.019451704482229097
  },
  "/choose-vehicle" : {
    "transaction" : "/choose-vehicle",
    "sampleCount" : 50,
    "errorCount" : 0,
    "errorPct" : 0.0,
    "meanResTime" : 609.54,
    "medianResTime" : 589.0,
    "minResTime" : 361.0,
    "maxResTime" : 845.0,
    "pct1ResTime" : 741.9,
    "pct2ResTime" : 790.3499999999997,
    "pct3ResTime" : 845.0,
    "throughput" : 0.5186991026505524,
    "receivedKBytesPerSec" : 9.71267108965714,
    "sentKBytesPerSec" : 0.09067103454536024
  },
  "/destination" : {
    "transaction" : "/destination",
    "sampleCount" : 50,
    "errorCount" : 0,
    "errorPct" : 0.0,
    "meanResTime" : 928.5400000000002,
    "medianResTime" : 1055.0,
    "minResTime" : 341.0,
    "maxResTime" : 1605.0,
    "pct1ResTime" : 1312.4,
    "pct2ResTime" : 1331.25,
    "pct3ResTime" : 1605.0,
    "throughput" : 0.5181561930028188,
    "receivedKBytesPerSec" : 9.702333030643757,
    "sentKBytesPerSec" : 0.09057613139404742
  },
  "/pay" : {
    "transaction" : "/pay",
    "sampleCount" : 40,
    "errorCount" : 0,
    "errorPct" : 0.0,
    "meanResTime" : 637.45,
    "medianResTime" : 597.5,
    "minResTime" : 560.0,
    "maxResTime" : 894.0,
    "pct1ResTime" : 794.3,
    "pct2ResTime" : 825.0999999999999,
    "pct3ResTime" : 894.0,
    "throughput" : 0.4136932464577516,
    "receivedKBytesPerSec" : 7.74630504059365,
    "sentKBytesPerSec" : 0.07231551866790775
  }
}